id,product_id,rating,text,date,user_name
21,2313,5,"–°–∞–º—ã–π –≤–∫—É—Å–Ω—ã–π —à–∞—à–ª—ã–∫! –õ–µ—Ç–æ–º –¥–µ–ª–∞–µ–º –≤ —Ç–∞–Ω–¥—ã—Ä–µ, –∑–∏–º–æ–π –≤ –¥—É—Ö–æ–≤–∫–µ. –û—á–µ–Ω—å –≤–∫—É—Å–Ω–æ!",06 —è–Ω–≤ 2022,–ê–Ω–Ω–∞
294,1893,5,"–ü—Ä–µ–∫—Ä–∞—Å–Ω—ã–µ —Ä—ë–±—Ä—ã—à–∫–∏. –ü–æ–∂–∞—Ä–∏–ª–∏ –Ω–∞ –≥—Ä–∏–ª–µ - —Å–æ—á–Ω—ã–µ, –∞—Ä–æ–º–∞—Ç–Ω—ã–µ, –º—è—Å–∏—Å—Ç—ã–µ, –Ω–µ –∂–∏—Ä–Ω—ã–µ.",18 –∏—é–ª 2023,–ê–Ω–æ–Ω–∏–º
290,3043,5,–û–ß–ï–ù–¨ –ò –û–ß–ï–ù–¨ –í–ö–£–°–ù–û. –°–ï–ú–¨–ï –ü–û–ù–†–ê–í–ò–õ–û–°–¨,17 –∏—é–ª 2023,–ê–Ω–æ–Ω–∏–º
289,3044,4,–ù–æ—Ä–º. –ü–æ–π–¥–µ—Ç –Ω–∞ –∫–∞–∂–¥—ã–π –¥–µ–Ω—å,17 –∏—é–ª 2023,–ê–Ω–æ–Ω–∏–º
99,1932,5,"–ö—É—Ä–∏—Ü–∞ –ø–æ–Ω—Ä–∞–≤–∏–ª–∞—Å—å. –ó–∞–ø–µ–∫–∞–ª–∞ –≤ –¥—É—Ö–æ–≤–∫–µ —Å –æ–≤–æ—â–∞–º–∏. –ß—Ç–æ –ø—Ä–∏—è—Ç–Ω–æ —É–¥–∏–≤–∏–ª–æ, ""–≤–æ–¥—ã"" –ø–æ—Å–ª–µ –∑–∞–ø–µ–∫–∞–Ω–∏—è –Ω–∞ –ª–∏—Å—Ç–µ –Ω–µ –±—ã–ª–æ. –°–ø–∏–Ω–∫—É, —á–∞—Å—Ç–∏ –≥—Ä—É–¥–∫–∏ –∏ –∫—Ä—ã–ª—å—è –ø–æ—à–ª–∏ –Ω–∞ —Å—É–ø, –ø–æ–ª—É—á–∏–ª—Å—è –≤–∫—É—Å–Ω—ã–π, –≤–ø–æ–ª–Ω–µ –Ω–∞–≤–∞—Ä–∏—Å—Ç—ã–π –±—É–ª—å–æ–Ω. –í–¥–≤–æ–π–Ω–µ –ø—Ä–∏—è—Ç–Ω–æ, —á—Ç–æ —Ü–µ–Ω–∞ –Ω–∏–∑–∫–∞—è –æ—Ç–Ω–æ—Å–∏—Ç–µ–ª—å–Ω–æ –∫–∞—á–µ—Å—Ç–≤–∞. –ö—É–ø–ª—é –µ—â–µ –Ω–µ —Ä–∞–∑!",28 —Å–µ–Ω 2022,–ê–Ω–æ–Ω–∏–º
271,1932,5,–±–µ—Ä—É –Ω–µ –≤–ø–µ—Ä–≤—ã–µ –∏ –≤—Å–µ–≥–¥–∞ –æ—Å—Ç–∞—é—Å—å –¥–æ–≤–æ–ª—å–Ω–∞. —Ç–æ–≤–∞—Ä –ø—Ä–µ–∫—Ä–∞—Å–Ω–æ–≥–æ –∫–∞—á–µ—Å—Ç–≤–∞.,01 –∏—é–Ω 2023,–Ω–∞—Ç–∞–ª—å—è
285,1431,5,"–û—á–µ–Ω—å –≤–∫—É—Å–Ω–∞—è –∫–æ–ª–±–∞—Å–∫–∞ , –æ—Å–æ–±–µ–Ω–Ω–æ —Å —Ö–ª–µ–±—Ü–∞–º–∏ –∏ —Å–ª–∏–≤–æ—á–Ω—ã–º –ø–ª–∞–≤–ª–µ–Ω—ã–º —Å—ã—Ä–æ–º",12 –∏—é–ª 2023,–ê–Ω–æ–Ω–∏–º
339,2058,5,–í–∫—É—Å–Ω—ã–π —Å–µ—Ä–≤–µ–ª–∞—Ç —Å —Ü–µ–ª—å–Ω—ã–º –∫–µ–¥—Ä–æ–≤—ã–º –æ—Ä–µ—Ö–æ–º.,29 –Ω–æ—è 2023,–õ—é–±–æ–≤—å –§–µ–¥–æ—Ä–æ–≤–Ω–∞
98,911,5,"–ö–æ–ª–±–∞—Å–∞ –¥–æ—Å—Ç–æ–π–Ω–æ–≥–æ –∫–∞—á–µ—Å—Ç–≤–∞ , –≤–∫—É—Å–Ω–∞—è , –º–æ–∂–µ—Ç –ø—Ä–∏–≥–æ–¥–∏—Ç—å—Å—è –Ω–µ —Ç–æ–ª—å–∫–æ –¥–ª—è –±—É—Ç–µ—Ä–±—Ä–æ–¥–æ–≤, –Ω–æ –∏ –¥–ª—è –æ—á–µ–Ω—å –≤–∫—É—Å–Ω–æ–≥–æ –ø—Ä–æ—Å—Ç–æ–≥–æ —Å—É–ø—á–∏–∫–∞ !",21 —Å–µ–Ω 2022,–ê–Ω–æ–Ω–∏–º
295,1386,5,"–í–∫—É—Å–Ω—ã–π —Å—ã—Ç–Ω—ã–π —Ç–æ—Ä—Ç –¥–ª—è –ø–µ—Ä–µ–∫—É—Å–∞ , —á—É—Ç—å –ø–æ–¥—Å–æ–ª–∏—Ç—å –∏ –ø–æ–ø–µ—Ä—á–∏—Ç—å, –Ω–∞ –º–æ–π –≤–∫—É—Å, –∏ –ø–æ–ª—É—á–∞–µ—Ç—Å—è –æ—Ç–ª–∏—á–Ω–æ!",18 –∏—é–ª 2023,–ê–Ω–æ–Ω–∏–º
400,1070,5,–û—á–µ–Ω—å –Ω—Ä–∞–≤–∏—Ç—Å—è –ø–∞—Å—Ç—Ä–æ–º–∞. –ü–æ—Å—Ç–æ—è–Ω–Ω–æ –∑–∞–∫–∞–∑—ã–≤–∞—é.,26 –Ω–æ—è 2024,–õ—é–±–æ–≤—å –§–µ–¥–æ—Ä–æ–≤–Ω–∞
284,556,5,"–°–æ—Å–∏—Å–∫–∏ –æ—Ç–ª–∏—á–Ω—ã–µ! –í–∫—É—Å–Ω—ã–µ, –Ω–∞—Å—Ç–æ—è—â–∏–µ! –°–ø–∞—Å–∏–±–æ! –ü–æ–Ω—Ä–∞–≤–∏–ª–∏—Å—å –≤—Å–µ–º –º–æ–∏–º –±–ª–∏–∑–∫–∏–º!",12 –∏—é–ª 2023,–ê–Ω–æ–Ω–∏–º
255,1509,5,"–í–∫—É—Å–Ω—ã–π –ø–∞—à—Ç–µ—Ç. –ë–µ–∑ —Å–≤–∏–Ω–Ω—ã—Ö –∏–Ω–≥—Ä–∏–¥–∏–µ–Ω—Ç–æ–≤. –ù–µ–∂–Ω—ã–π. –ü—Ä–∏–µ–º–ª–µ–º–∞—è —Å—Ç–æ–∏–º–æ—Å—Ç—å.",17 –∞–ø—Ä 2023,–ê–Ω–æ–Ω–∏–º
36,1701,5,"–°–ø–∞—Å–∏–±–æ —Ñ–µ—Ä–º–µ—Ä—É, –º–æ–ª–æ–∫–æ –æ—Ç–ª–∏—á–Ω–æ–µ. –¢–æ –æ—Ç —á–µ–≥–æ –Ω–µ –æ—Ç–∫—Ä—ã–≤–∞–µ—Ç—Å—è –º–æ—è –ø–æ–ª—É—Ç–æ—Ä–∞–≥–æ–¥–æ–≤–∞–ª–∞—è –¥–æ—á—å. –û–Ω–∞ –≤—ã–±—Ä–∞–ª–∞ —Å–≤–æ–µ–≥–æ —Ñ–µ—Ä–º–µ—Ä–∞",02 —Ñ–µ–≤ 2022,–ê–ª–µ–Ω–∞
91,1701,5,"–ú–æ–ª–æ–∫–æ ,,–ö—Ä–∞—Å–Ω–æ–π –ì–æ—Ä–∫–∏,, –≤–∫—É—Å–Ω–æ–µüëç",04 —Å–µ–Ω 2022,–ê–Ω–æ–Ω–∏–º
95,1745,5,–í–∫—É—Å–Ω–æ–µ –ú–æ–ª–æ–∫–æ.,11 —Å–µ–Ω 2022,–ê–Ω–æ–Ω–∏–º
200,1745,5,–°–∞–º–æ–µ –≤–∫—É—Å–Ω–æ–µ –ú–æ–ª–æ–∫–æ,22 —Ñ–µ–≤ 2023,–ê–Ω–æ–Ω–∏–º
132,1189,5,–û—Ç–ª–∏—á–Ω—ã–π —Ç–≤–æ—Ä–æ–≥!,24 –Ω–æ—è 2022,–ú–∞—Ä–∏–Ω–∞
270,1742,5,–æ—á–µ–Ω—å —Å–≤–µ–∂–∏–π –∏ –æ—á–µ–Ω—å –≤–∫—É—Å–Ω—ã–π –ø—Ä–∏–≤–µ–∑–ª–∏ –∫–µ—Ñ–∏—Ä. —Å–ø–∞—Å–∏–±–æ.,31 –º–∞—è 2023,–Ω–∞—Ç–∞–ª—å—è
137,1542,5,–≠—Ç–æ –≤–∫—É—Å–Ω–æ!! –ù–µ–æ–±—ã—á–Ω–æ!,05 –¥–µ–∫ 2022,–ê–Ω–æ–Ω–∏–º
376,2127,5,"–í–∫—É—Å–Ω–µ–π—à–∏–µ –≤–∞—Ä–µ–Ω–∏–∫–∏! –ö–∞–ø—É—Å—Ç–∞ –ø—Ä–æ—Å—Ç–æ –∏–¥–µ–∞–ª—å–Ω–∞—è, —Ç–µ—Å—Ç–æ —Ç–æ–Ω–∫–æ–µ, –Ω–∞—á–∏–Ω–∫–∏ –æ—á–µ–Ω—å –º–Ω–æ–≥–æ.",02 –∏—é–Ω 2024,–ê–Ω–æ–Ω–∏–º
399,22476,5,–í–∫—É—Å–Ω—ã–µ –≤–∞—Ä–µ–Ω–∏–∫–∏. –ú–Ω–µ –ø–æ–Ω—Ä–∞–≤–∏–ª–∏—Å—å.,02 –Ω–æ—è 2024,–õ—é–±–æ–≤—å –§–µ–¥–æ—Ä–æ–≤–Ω–∞
330,2131,5,"–ö–æ—Ç–ª–µ—Ç—ã –æ—á–µ–Ω—å –≤–∫—É—Å–Ω—ã–µ –∏ —Å–æ—á–Ω—ã–µ! –ù–∞—á–∞–ª–∞ –∏—Ö –ø–æ–∫—É–ø–∞—Ç—å, –∫–æ–≥–¥–∞ —Ä–µ–±—ë–Ω–∫—É –≤–≤–µ–ª–∞ –ø—Ä–∏–∫–æ—Ä–º –∏–∑ —Ä—ã–±—ã. –†–µ–±–µ–Ω–æ–∫ –∏—Ö –µ—Å—Ç —Å —É–¥–æ–≤–æ–ª—å—Å—Ç–≤–∏–µ–º, —Å–æ—Å—Ç–∞–≤ –∏–¥–µ–∞–ª—å–Ω—ã–π, –∫–æ—Å—Ç–∏ –Ω–µ –ø–æ–ø–∞–¥–∞—é—Ç—Å—è! –ù–µ—Ç –Ω–µ–ø—Ä–∏—è—Ç–Ω–æ–≥–æ –∑–∞–ø–∞—Ö–∞ –≤–æ –≤—Ä–µ–º—è –≥–æ—Ç–æ–≤–∫–∏! –°–ø–∞—Å–∏–±–æ –ö–∞–ª–∏–Ω–µ –ú–∞–ª–∏–Ω–µ –∑–∞ –∫–∞—á–µ—Å—Ç–≤–µ–Ω–Ω—ã–µ —Ç–æ–≤–∞—Ä—ã!",23 –Ω–æ—è 2023,–ê–Ω–æ–Ω–∏–º
12,351,5,"–•–æ—Ä–æ—à–∏–µ —Å—ã—Ä–Ω–∏–∫–∏. –ù–æ –Ω–∞ —É–ø–∞–∫–æ–≤–∫–µ –Ω–µ–≤–µ—Ä–Ω–∞—è –∏–Ω—Ñ–æ—Ä–º–∞—Ü–∏—è –ø–æ –ø—Ä–∏–≥–æ—Ç–æ–≤–ª–µ–Ω–∏—é. –ó–∞–º–æ—Ä–æ–∂–µ–Ω–Ω—ã–π –ø—Ä–æ–¥—É–∫—Ç –≤ –¥—É—Ö–æ–≤–∫–µ –Ω–∞ 120 –≥—Ä–∞–¥—É—Å–∞—Ö –∑–∞ 20 –º–∏–Ω—É—Ç —É—Å–ø–µ–≤–∞–µ—Ç —Ç–æ–ª—å–∫–æ —Ä–∞–∑–º–æ—Ä–æ–∑–∏—Ç—å—Å—è, –∞ –Ω–µ –ø—Ä–∏–≥–æ—Ç–æ–≤–∏—Ç—å—Å—è. –ù—É–∂–Ω–æ 180 –≥—Ä–∞–¥—É—Å–æ–≤ –∏ 30 –º–∏–Ω—É—Ç.",17 –¥–µ–∫ 2021,–ö—Å–µ–Ω–∏—è
39,351,5,"–û–±–∞–ª–¥–µ–Ω–Ω—ã–µ —Å—ã—Ä–Ω–∏–∫–∏, —Ç–æ—á–Ω–æ —Å–∞–º—ã–µ –≤–∫—É—Å–Ω—ã–µ –∏–∑ –≤—Å–µ—Ö —á—Ç–æ —è –∫–æ–≥–¥–∞-–ª–∏–±–æ –µ–ª, –ø—Ä–∞–≤–¥–∞ –∏ —Ü–µ–Ω–∞ –∫–æ–Ω–µ—á–Ω–æ –Ω–µ –º–∞–ª–µ–Ω—å–∫–∞—è. –ü—Ä–∏—á–µ–º —ç—Ç–æ –Ω–µ —Ç–µ –∂–µ —Å—ã—Ä–Ω–∏–∫–∏, –∫–æ—Ç–æ—Ä—ã–µ –≤ –∫–∞–ª–∏–Ω–µ-–º–∞–ª–∏–Ω–µ –ø—Ä–æ–¥–∞—é—Ç—Å—è —É–∂–µ –ø—Ä–∏–≥–æ—Ç–æ–≤–ª–µ–Ω–Ω—ã–º–∏, –∑–¥–µ—Å—å –¥–µ–π—Å—Ç–≤–∏—Ç–µ–ª—å–Ω–æ –æ—á–µ–Ω—å –º–Ω–æ–≥–æ —Ç–≤–æ—Ä–æ–≥–∞",20 —Ñ–µ–≤ 2022,–ú–∞—Ç–≤–µ–π
245,2951,5,"–û—á–µ–Ω—å –≤–∫—É—Å–Ω–∞—è –ø–∏—Ü—Ü–∞, —Ö—Ä—É—Å—Ç—è—â–µ–µ —Ç–µ—Å—Ç–æ, –ø—Ä–æ—Å—Ç–æ –∏ –±—ã—Å—Ç—Ä–æ –ø—Ä–∏–≥–æ—Ç–æ–≤–∏—Ç—å)",05 –∞–ø—Ä 2023,–ê–Ω–æ–Ω–∏–º
246,2948,5,"–û—á–µ–Ω—å –≤–∫—É—Å–Ω–∞—è –ø–∏—Ü—Ü–∞, –ø–æ–∫—É–ø–∞–ª –Ω–∞ –ö–æ–º—Å–æ–º–æ–ª—å—Å–∫–æ–º. –ñ–∞–ª—å –Ω–µ—Ç –≤ –º–∞–≥–∞–∑–∏–Ω–µ –¥—Ä—É–≥–∏—Ö –≤–∞—Ä–∏–∞–Ω—Ç–æ–≤. –¢–µ—Å—Ç–æ —Ö–æ—Ä–æ—à–µ–µ –∏ —Å—ã—Ä–∞ –Ω–µ –ø–æ–∂–∞–ª–µ–ª–∏.   –õ—É—á—à–∞—è —Å—Ä–µ–¥–∏ –∑–∞–º–æ—Ä–æ–∂–µ–Ω–Ω—ã—Ö –ø–∏—Ü—Ü, –∫–æ—Ç–æ—Ä—É—é —è –ø—Ä–æ–±–æ–≤–∞–ª.",05 –∞–ø—Ä 2023,–ê–Ω–æ–Ω–∏–º
350,2173,5,–û—á–µ–Ω—å –≤–∫—É—Å–Ω—ã–π –±–æ—Ä—â.,06 —è–Ω–≤ 2024,–ê–Ω–æ–Ω–∏–º
351,2173,5,–û—á–µ–Ω—å –≤–∫—É—Å–Ω—ã–π –±–æ—Ä—â.,06 —è–Ω–≤ 2024,–ê–Ω–æ–Ω–∏–º
155,1836,5,"–ß–∞—Å—Ç–æ –ø–æ–∫—É–ø–∞—é. –û—á–µ–Ω—å –≤–∫—É—Å–Ω–æ –ø—Ä–∏–≥–æ—Ç–æ–≤–ª–µ–Ω–æ, –∫–∞–∫ –±—ã —Å—Ç—Ä–∞–Ω–Ω–æ —ç—Ç–æ –Ω–∏ –∑–≤—É—á–∞–ª–æ. –ü—é—Ä–µ - –≤–∫—É—Å–Ω–æ–µ, —Ä—ã–±–∞ - –≤–∫—É—Å–Ω–∞—è. –ù–∏ —Ä–∞–∑—É –Ω–µ –±—ã–ª–æ –Ω–µ –≤–∫—É—Å–Ω–æ. –ö–æ—Å—Ç–µ–π –≤ —Ä—ã–±–µ –Ω–µ –ø–æ–ø–∞–¥–∞–ª–æ—Å—å –µ—â–µ",25 –¥–µ–∫ 2022,–ê–Ω–æ–Ω–∏–º
240,2107,5,"–û–≤–æ—â–∏ —Å–æ—á–Ω—ã–µ, –≤–∫—É—Å –Ω–∞—Å—ã—â–µ–Ω–Ω—ã–π. –ö—É—Ä–∏–Ω–æ–µ —Ñ–∏–ª–µ —Ç–∞–∫ –∂–µ –ø—Ä–∏–≥–æ—Ç–æ–≤–ª–µ–Ω–æ —Å–æ—á–Ω–æ. –ë–µ—Ä—É –Ω–µ–æ–¥–Ω–æ–∫—Ä–∞—Ç–Ω–æ. –ü–æ —Å–æ–ª–∏ –≤—Å–µ —Å–±–∞–ª–∞–Ω—Å–∏—Ä–æ–≤–∞–Ω–æ. –ö–ë–ñ–£ –≤ –æ—Ç–ª–∏—á–Ω–æ–º —Å–æ–æ—Ç–Ω–æ—à–µ–Ω–∏–∏ üëå",02 –∞–ø—Ä 2023,–ê–Ω–æ–Ω–∏–º
277,1091,5,–û—Ç–ª–∏—á–Ω—ã–π –≤–æ–∫! –°–∞–º–æ–µ —Ç–æ –¥–ª—è –ø–æ–ª–Ω–æ—Ü–µ–Ω–Ω–æ–≥–æ –æ–±–µ–¥–∞. –ü–æ —Ä–∞–∑–º–µ—Ä—É –ø–æ—Ä—Ü–∏–∏ –º–Ω–µ –≤ —Å–∞–º—ã–π —Ä–∞–∑.,05 –∏—é–ª 2023,–ê–Ω–æ–Ω–∏–º
218,2274,5,–û—á–µ–Ω—å –≤–∫—É—Å–Ω—ã–π —Å–∞–ª–∞—Ç! –†–µ–∫–æ–º–µ–Ω–¥—É—é!,14 –º–∞—Ä 2023,–ê–Ω–æ–Ω–∏–º
168,1244,5,"–õ—é–±–∏–º—ã–µ –±–ª–∏–Ω—á–∏–∫–∏ —Å—ã–Ω–∞! –í—Å–µ–≥–¥–∞ –ø–æ–∫—É–ø–∞–µ–º –ø–æ 2-3 –ø–∞—á–∫–∏)) –®–æ–∫–æ–ª–∞–¥ –¥–æ—Å—Ç–∞—Ç–æ—á–Ω–æ –∂–∏–¥–∫–∏–π, –µ—Å–ª–∏ –µ—Å—Ç—å –≤ —Ç–µ–ø–ª–µ, –º–æ–∂–µ—Ç –ø–æ—Ç–µ—á—å.",14 —è–Ω–≤ 2023,–ê–Ω–æ–Ω–∏–º
386,1274,5,–û–≥—Ä–æ–º–Ω–∞—è –±–ª–∞–≥–æ–¥–∞—Ä–Ω–æ—Å—Ç—å –ø—Ä–æ–∏–∑–≤–æ–¥–∏—Ç–µ–ª—é –∑–∞ –º–∞—Å–ª–∏—Ü–µ.–û—á–µ–Ω—å –ø–æ–Ω—Ä–∞–≤–∏–ª–æ—Å—å!!!–ë–µ–∑ –≥–æ—Ä–µ—á–∏!,17 –∏—é–ª 2024,–ò—à–∫–∏–Ω–∞ –ù–∞—Ç–∞–ª—å—è
374,879,5,"–ù–µ–≤–µ—Ä–æ—è—Ç–Ω–æ –≤–∫—É—Å–Ω—ã–π —Ö–ª–µ–±. –ï–º –∏ –Ω–µ –º–æ–≥—É –Ω–∞–µ—Å—Ç—å—Å—è. –≠—Ç–æ —Ö–ª–µ–± –∫–∞–∫ –∏–∑ –¥–µ—Ä–µ–≤–Ω–∏, –Ω–µ —Å —Ñ–∞–±—Ä–∏–∫–∏ : —Ö–ª–µ–± —Å –ª—ë–≥–∫–æ–π –∫–∏—Å–ª–∏–Ω–∫–æ–π, –º—è–∫–∏—à –≤ –º–µ—Ä—É –ø–ª–æ—Ç–Ω—ã–π, —Å–∞–º —Ö–ª–µ–± –∞—Ä–æ–º–∞—Ç–Ω—ã–π. –° –±—É–ª—å–æ–Ω–æ–º –≤–∫—É—Å–Ω–æ. –° —á–∞–µ–º —Å –º–∞—Å–ª–æ–º –∏ —Å—ã—Ä–æ–º , —Å –≤–∞—Ä–µ–Ω—å–µ–º —Ç–æ–∂–µ –≤–∫—É—Å–Ω–æ.",27 –º–∞—è 2024,–ê–Ω–æ–Ω–∏–º
33,2081,5,"–ò–∫—Ä–∞ –æ—á–µ–Ω—å –Ω—Ä–∞–≤–∏—Ç—Å—è, –Ω–µ –ø–µ—Ä–≤—ã–π —Ä–∞–∑ –±–µ—Ä—É. –ó–∞–∫–∞–∑—ã–≤–∞—é —á–µ—Ä–µ–∑ —Å–∞–π—Ç.",27 —è–Ω–≤ 2022,–Æ–ª–∏—è
150,770,5,"–í–∫—É—Å–Ω—ã–µ —Ö–æ—Ä–æ—à–∏–µ –ø–æ–º–∏–¥–æ—Ä—ã, –∞–±–æ–ª–¥–µ–Ω–Ω—ã–π —Ä–∞—Å—Å–æ–ª, –Ω–µ –∫–º—Å–ª—ã–π",20 –¥–µ–∫ 2022,–ê–ª–µ–Ω–∞
354,360,5,"–û—á–µ–Ω—å –Ω—Ä–∞–≤–∏—Ç—Å—è –∫–∞–ø—É—Å—Ç–∞ –¥–∞–Ω–Ω–æ–≥–æ –ø—Ä–æ–∏–∑–≤–æ–¥–∏—Ç–µ–ª—è. –°–ª–∞–¥–∫–æ–≤–∞—Ç–æ-–æ—Å—Ç—Ä–æ–≤–∞—Ç–∞—è, —Ö—Ä—É—Å—Ç—è—â–∞—è.",06 —è–Ω–≤ 2024,–ê–Ω–æ–Ω–∏–º
353,1614,5,"–û—á–µ–Ω—å –≤–∫—É—Å–Ω–∞—è, —Ö—Ä—É—Å—Ç—è—â–∞—è –∫–∞–ø—É—Å—Ç–∞",06 —è–Ω–≤ 2024,–ê–Ω–æ–Ω–∏–º
51,393,2,–û—á–µ–Ω—å —Å–ª–∞–¥–∫–∞—è,20 –º–∞—Ä 2022,–ê–ª–µ–Ω–∞
304,2322,5,"–ú–Ω–µ –æ—á–µ–Ω—å –ø–æ–Ω—Ä–∞–≤–∏–ª–∞—Å—å —Ç—É—à–µ–Ω–∫–∞. –í–∫—É—Å–Ω–∞—è, –º–Ω–æ–≥–æ –º—è—Å–∞ –∫—É—Å–æ—á–∫–∞–º–∏. –°–ü–ê–°–ò–ë–û.",10 –∞–≤–≥ 2023,–ê–Ω–æ–Ω–∏–º
305,2604,5,–¢—É—à–µ–Ω–∫–∞ –Ω–æ—Ä–º–∞–ª—å–Ω–∞—è. –ù–æ –º–Ω–æ–≥–æ –∂–∏–¥–∫–æ—Å—Ç–∏. –ê —Ç–∞–∫ –≤–∫—É—Å–Ω–æ.,10 –∞–≤–≥ 2023,–ê–Ω–æ–Ω–∏–º
94,2266,5,"–í–∫—É—Å–Ω—ã–π –∏ —Å—ã—Ç–Ω—ã–π –ø–µ—Ä–µ–∫—É—Å, –º–Ω–æ–≥–æ —Å–µ–º–µ—á–µ–∫ –≤ —Å–æ—Å—Ç–∞–≤–µ, –æ—á–µ–Ω—å –ø–æ–Ω—Ä–∞–≤–∏–ª–æ—Å—å",10 —Å–µ–Ω 2022,–ê–Ω–æ–Ω–∏–º
41,399,5,–û—á–µ–Ω—å –≤–∫—É—Å–Ω–∞—è! –ü—Ä–∞–≤–¥–∞ –∑–∞—á–µ–º —Ç–∞–º –∞–∫—Ç.—É–≥–æ–ª—å –Ω–µ –æ—á–µ–Ω—å –ø–æ–Ω—è–ª–∏),25 —Ñ–µ–≤ 2022,–ê–Ω–∞—Å—Ç–∞—Å–∏—è
239,403,5,–í–∫—É—Å–Ω–∞—è. –ù–æ —Ü–µ–Ω–∞ –∑–∞–≤—ã—à–µ–Ω–∞.,30 –º–∞—Ä 2023,–ö—Å–µ–Ω–∏—è
11,896,4,–í–∫—É—Å–Ω–æ! –ù–æ –Ω–∞ —Å–∞–π—Ç–µ –Ω–µ —É–∫–∞–∑–∞–Ω –≤–µ—Å –ø—Ä—è–Ω–∏–∫–∞.,17 –¥–µ–∫ 2021,–ö—Å–µ–Ω–∏—è
86,896,4,"–§–æ—Ç–æ –Ω–µ —Å–æ–æ—Ç–≤–µ—Ç—Å—Ç–≤—É–µ—Ç –ø–æ–ª—É—á–µ–Ω–Ω–æ–º—É –≤ –¥–æ—Å—Ç–∞–≤–∫–µ –ø—Ä—è–Ω–∏–∫—É. –î–æ—Å—Ç–∞–≤–∏–ª–∏ –ª—å–≤–∞,  –∞ –¥–æ–ª–∂–µ–Ω –±—ã—Ç—å –ª–∏—Å—Ç. –≠—Ç–æ –Ω–µ –æ—á–µ–Ω—å –ø—Ä–∏—è—Ç–Ω—ã–π —Å—é—Ä–ø—Ä–∏–∑. –î–∞—Ç–∞ –∏–∑–≥–æ—Ç–æ–≤–ª–µ–Ω–∏—è –º–µ–Ω—å—à–µ –Ω–µ–¥–µ–ª–∏, –≤–∫—É—Å–æ–≤—ã–µ –∫–∞—á–µ—Å—Ç–≤–∞, —è –¥—É–º–∞—é, –∫–∞–∫ –≤—Å–µ–≥–¥–∞, –æ—Ç–ª–∏—á–Ω—ã–µ.",29 –∞–≤–≥ 2022,–ê–Ω–æ–Ω–∏–º
68,595,5,"–≠—Ç–æ –ª—É—á—à–µ–µ, —á—Ç–æ —è –µ–ª–∞ –∑–∞ –ø–æ—Å–ª–µ–¥–Ω–∏–µ –Ω–µ—Å–∫–æ–ª—å–∫–æ –ª–µ—Ç –≤‚ù§Ô∏è",13 –∏—é–ª 2022,–õ—é–¥–º–∏–ª–∞
72,2236,5,"–≠—Ç–æ –ø—Ä–æ—Å—Ç–æ –±–æ–∂–µ—Å—Ç–≤–µ–Ω–Ω–æ. –û—á–µ–Ω—å –≤–∫—É—Å–Ω–æ–µ, —Å—ã—Ç–Ω–æ–µ. –ë–µ—Ä—É —É–∂–µ –Ω–µ –ø–µ—Ä–≤—ã–π —Ä–∞–∑.",31 –∏—é–ª 2022,–°–≤–µ—Ç–ª–∞–Ω–∞ –Æ—Ä—å–µ–≤–Ω–∞
384,22568,5,"–û–±–æ–∂–∞—é —ç—Ç–æ—Ç –¥–µ—Å–µ—Ä—Ç, –ø–µ—Ä–µ–ø—Ä–æ–±–æ–≤–∞–ª–∞ —É –º–Ω–æ–≥–∏—Ö.  –£ —ç—Ç–æ–≥–æ –∏–∑–≥–æ—Ç–≤–∏—Ç–µ–ª—è –æ—á–µ–Ω—å –≤–∫—É—Å–Ω—ã–π, –ø—Ä—è–º —Ñ–∞–≤–æ—Ä–∏—Ç.",08 –∏—é–ª 2024,–ê–Ω–æ–Ω–∏–º
385,22568,5,–û–±–æ–∂–∞—é —ç—Ç–æ—Ç –¥–µ—Å–µ—Ä—Ç.  –ü—Ä–æ–±–æ–≤–∞–ª–∞ —É –º–Ω–æ–≥–∏—Ö.  –£ —ç—Ç–æ–≥–æ –ø—Ä–æ–∏–∑–≤–æ–¥–∏—Ç–µ–ª—è –ø—Ä—è–º —Ñ–∞–≤–æ—Ä–∏—Ç.,08 –∏—é–ª 2024,–ê–Ω–æ–Ω–∏–º
282,2461,5,"–ü–æ–ø—Ä–æ–±–æ–≤–∞–ª–∏ –¥–∞–Ω–Ω—É—é —à–æ–∫–æ–ª–∞–¥–Ω—É—é –∫–æ–ª–±–∞—Å–∫—É. –ë—ã–ª–∏ –ø—Ä–∏—è—Ç–Ω–æ —É–¥–∏–≤–ª–µ–Ω—ã –≤–∫—É—Å–æ–º –Ω–∞—Ç—É—Ä–∞–ª—å–Ω—ã—Ö –∏–Ω–≥—Ä–µ–¥–∏–µ–Ω—Ç–æ–≤, –¥–µ—Å–µ—Ä—Ç —Ç–∞–µ—Ç –≤–æ —Ä—Ç—É!–û—á–µ–Ω—å –≤–∫—É—Å–Ω–æ:)",09 –∏—é–ª 2023,–ê–Ω–æ–Ω–∏–º
397,2237,1,"–ù–∞ —É–ø–∞–∫–æ–≤–∫–µ –ø–∏—à—É—Ç —Å –∫–ª—É–±–Ω–∏–∫–æ–π, –ø–æ —Ñ–∞–∫—Ç—É –∞–ø–µ–ª—å—Å–∏–Ω",29 –æ–∫—Ç 2024,–ê–Ω–æ–Ω–∏–º
56,1188,5,–ë–µ—Ä—É —Å –ª—é–±—ã–º –∑–∞–∫–∞–∑–æ–º. –í—Å–µ–≥–¥–∞ —Å–≤–µ–∂–∏–µ –∏ –≤–∫—É—Å–Ω—ã–µ.,04 –º–∞—è 2022,–ï–≤–≥–µ–Ω–∏–π
276,2191,5,–æ—á–µ–Ω—å –≤–∫—É—Å–Ω—ã–π –∫–≤–∞—Å. –≤—ã–ø–∏—Ç –Ω–∞ —É—Ä–∞. —Å–ø–∞—Å–∏–±–æ.,23 –∏—é–Ω 2023,–Ω–∞—Ç–∞–ª—å—è
189,1389,5,"–ü—Ä–µ–∫—Ä–∞—Å–Ω—ã–π –≤–∑–≤–∞—Ä –∏–∑ —à–∏–ø–æ–≤–Ω–∏–∫–∞. –ü–æ —Å–≤–æ–µ–π –Ω–∞—Å—ã—â–µ–Ω–Ω–æ–π –∫–æ–Ω—Ü–µ–Ω—Ç—Ä–∞—Ü–∏–∏ —ç—Ç–æ –¥–µ–π—Å—Ç–≤–∏—Ç–µ–ª—å–Ω–æ –≤–∑–≤–∞—Ä, –∞ –Ω–µ –ø—Ä–æ—Å—Ç–æ –º–æ—Ä—Å –∏–ª–∏ –Ω–∞–ø–∏—Ç–æ–∫. –ò –æ—á–µ–Ω—å –≤–∫—É—Å–Ω—ã–π. –ò –∫ —Ç–æ–º—É –∂–µ, –∫–∞–∫ –∏–∑–≤–µ—Å—Ç–Ω–æ, –æ—á–µ–Ω—å –ø–æ–ª–µ–∑–Ω—ã–π. –û—Å–æ–±–µ–Ω–Ω–æ —Ö–æ—Ä–æ—à —Å –ø—Ä–∏–±–ª–∏–∂–µ–Ω–∏–µ–º –≤–µ—Å–Ω—ã –∏ –∞–≤–∏—Ç–æ–º–∏–Ω–æ–∑–∞. –°–ø–∞—Å–∏–±–æ —Ç–µ–º, –∫—Ç–æ –∑–∞–Ω–∏–º–∞–µ—Ç—Å—è –µ–≥–æ –ø—Ä–∏–≥–æ—Ç–æ–≤–ª–µ–Ω–∏–µ–º! –ú—ã –ø–æ–∫—É–ø–∞–ª–∏ –±—ã –µ–≥–æ –ø–æ—á–∞—â–µ, –Ω–æ —Å–¥–µ—Ä–∂–∏–≤–∞–µ—Ç —Ç–æ–ª—å–∫–æ –æ–¥–Ω–æ - –≤–∑–≤–∞—Ä —Å–æ–¥–µ—Ä–∂–∏—Ç —Å–∞—Ö–∞—Ä–∞ –º–Ω–æ–≥–æ–≤–∞—Ç–æ. –í–µ–¥—å, –µ—Å–ª–∏ –∫—Ç–æ-—Ç–æ –ø—Ä–µ–¥–ø–æ—á–∏—Ç–∞–µ—Ç —Å–ª–∞–¥–∫–∏–µ –Ω–∞–ø–∏—Ç–∫–∏, —Ç–æ —Å–∞—Ö–∞—Ä –∏–ª–∏ –º–µ–¥ –º–æ–∂–Ω–æ –¥–æ–±–∞–≤–∏—Ç—å –ø—Ä—è–º–æ –≤ —á–∞—à–∫—É. –ê –≤–æ—Ç —Ä–∞–∑–±–∞–≤–∏—Ç—å –≤–æ–¥–æ–π, —á—Ç–æ–±—ã —É–º–µ–Ω—å—à–∏—Ç—å —Å–ª–∞–¥–æ—Å—Ç—å, –Ω–µ —Ö–æ—á–µ—Ç—Å—è - –æ–Ω –ø–æ—Ç–æ–º—É –∏ –≤–∫—É—Å–Ω—ã–π, —á—Ç–æ –Ω–∞—Å—ã—â–µ–Ω–Ω—ã–π. –ü–æ—ç—Ç–æ–º—É —ç—Ç–æ –Ω–∞—à–µ –ø–æ–∂–µ–ª–∞–Ω–∏–µ - —É–º–µ–Ω—å—à–∏—Ç—å —Å–ª–∞–¥–æ—Å—Ç—å.",07 —Ñ–µ–≤ 2023,–ê–Ω–æ–Ω–∏–º
132,1189,5,–û—Ç–ª–∏—á–Ω—ã–π —Ç–≤–æ—Ä–æ–≥!,24 –Ω–æ—è 2022,–ú–∞—Ä–∏–Ω–∞
99,1932,5,"–ö—É—Ä–∏—Ü–∞ –ø–æ–Ω—Ä–∞–≤–∏–ª–∞—Å—å. –ó–∞–ø–µ–∫–∞–ª–∞ –≤ –¥—É—Ö–æ–≤–∫–µ —Å –æ–≤–æ—â–∞–º–∏. –ß—Ç–æ –ø—Ä–∏—è—Ç–Ω–æ —É–¥–∏–≤–∏–ª–æ, ""–≤–æ–¥—ã"" –ø–æ—Å–ª–µ –∑–∞–ø–µ–∫–∞–Ω–∏—è –Ω–∞ –ª–∏—Å—Ç–µ –Ω–µ –±—ã–ª–æ. –°–ø–∏–Ω–∫—É, —á–∞—Å—Ç–∏ –≥—Ä—É–¥–∫–∏ –∏ –∫—Ä—ã–ª—å—è –ø–æ—à–ª–∏ –Ω–∞ —Å—É–ø, –ø–æ–ª—É—á–∏–ª—Å—è –≤–∫—É—Å–Ω—ã–π, –≤–ø–æ–ª–Ω–µ –Ω–∞–≤–∞—Ä–∏—Å—Ç—ã–π –±—É–ª—å–æ–Ω. –í–¥–≤–æ–π–Ω–µ –ø—Ä–∏—è—Ç–Ω–æ, —á—Ç–æ —Ü–µ–Ω–∞ –Ω–∏–∑–∫–∞—è –æ—Ç–Ω–æ—Å–∏—Ç–µ–ª—å–Ω–æ –∫–∞—á–µ—Å—Ç–≤–∞. –ö—É–ø–ª—é –µ—â–µ –Ω–µ —Ä–∞–∑!",28 —Å–µ–Ω 2022,–ê–Ω–æ–Ω–∏–º
271,1932,5,–±–µ—Ä—É –Ω–µ –≤–ø–µ—Ä–≤—ã–µ –∏ –≤—Å–µ–≥–¥–∞ –æ—Å—Ç–∞—é—Å—å –¥–æ–≤–æ–ª—å–Ω–∞. —Ç–æ–≤–∞—Ä –ø—Ä–µ–∫—Ä–∞—Å–Ω–æ–≥–æ –∫–∞—á–µ—Å—Ç–≤–∞.,01 –∏—é–Ω 2023,–Ω–∞—Ç–∞–ª—å—è
